pdfomni.pages.dev,https://pdfomni.com,301,TRUE,FALSE,FALSE,FALSE
pdfomni.pages.dev/merge,https://pdfomni.com/merge,301,TRUE,FALSE,FALSE,FALSE
pdfomni.pages.dev/split,https://pdfomni.com/split,301,TRUE,FALSE,FALSE,FALSE
pdfomni.pages.dev/reorder,https://pdfomni.com/reorder,301,TRUE,FALSE,FALSE,FALSE
pdfomni.pages.dev/compress,https://pdfomni.com/compress,301,TRUE,FALSE,FALSE,FALSE
pdfomni.pages.dev/compress/app,https://pdfomni.com/compress/app,301,TRUE,FALSE,FALSE,FALSE
pdfomni.pages.dev/rotate,https://pdfomni.com/rotate,301,TRUE,FALSE,FALSE,FALSE
pdfomni.pages.dev/page-numbers,https://pdfomni.com/page-numbers,301,TRUE,FALSE,FALSE,FALSE
pdfomni.pages.dev/word-to-pdf,https://pdfomni.com/word-to-pdf,301,TRUE,FALSE,FALSE,FALSE
pdfomni.pages.dev/excel-to-pdf,https://pdfomni.com/excel-to-pdf,301,TRUE,FALSE,FALSE,FALSE
pdfomni.pages.dev/image-to-pdf,https://pdfomni.com/image-to-pdf,301,TRUE,FALSE,FALSE,FALSE
pdfomni.pages.dev/html-to-pdf,https://pdfomni.com/html-to-pdf,301,TRUE,FALSE,FALSE,FALSE
pdfomni.pages.dev/pdf-to-image,https://pdfomni.com/pdf-to-image,301,TRUE,FALSE,FALSE,FALSE
pdfomni.pages.dev/pdf-to-text,https://pdfomni.com/pdf-to-text,301,TRUE,FALSE,FALSE,FALSE
pdfomni.pages.dev/edit-pdf,https://pdfomni.com/edit-pdf,301,TRUE,FALSE,FALSE,FALSE
pdfomni.pages.dev/editpdf.html,https://pdfomni.com/editpdf.html,301,TRUE,FALSE,FALSE,FALSE
pdfomni.pages.dev/watermark,https://pdfomni.com/watermark,301,TRUE,FALSE,FALSE,FALSE
pdfomni.pages.dev/redact,https://pdfomni.com/redact,301,TRUE,FALSE,FALSE,FALSE
pdfomni.pages.dev/crop,https://pdfomni.com/crop,301,TRUE,FALSE,FALSE,FALSE
pdfomni.pages.dev/protect,https://pdfomni.com/protect,301,TRUE,FALSE,FALSE,FALSE
pdfomni.pages.dev/unlock,https://pdfomni.com/unlock,301,TRUE,FALSE,FALSE,FALSE
pdfomni.pages.dev/sign,https://pdfomni.com/sign,301,TRUE,FALSE,FALSE,FALSE
pdfomni.pages.dev/batch,https://pdfomni.com/batch,301,TRUE,FALSE,FALSE,FALSE
pdfomni.pages.dev/wcag-check,https://pdfomni.com/wcag-check,301,TRUE,FALSE,FALSE,FALSE
pdfomni.pages.dev/workflow,https://pdfomni.com/workflow,301,TRUE,FALSE,FALSE,FALSE
pdfomni.pages.dev/privacy,https://pdfomni.com/privacy,301,TRUE,FALSE,FALSE,FALSE
pdfomni.pages.dev/terms,https://pdfomni.com/terms,301,TRUE,FALSE,FALSE,FALSE
pdfomni.pages.dev/contact,https://pdfomni.com/contact,301,TRUE,FALSE,FALSE,FALSE
pdfomni.pages.dev/about,https://pdfomni.com/about,301,TRUE,FALSE,FALSE,FALSE
pdfomni.pages.dev/404,https://pdfomni.com/404,301,TRUE,FALSE,FALSE,FALSE
pdfomni.pages.dev/500,https://pdfomni.com/500,301,TRUE,FALSE,FALSE,FALSE
pdfomni.pages.dev/robots.txt,https://pdfomni.com/robots.txt,301,TRUE,FALSE,FALSE,FALSE
pdfomni.pages.dev/sitemap.xml,https://pdfomni.com/sitemap.xml,301,TRUE,FALSE,FALSE,FALSE
pdfomni.pages.dev/ai.txt,https://pdfomni.com/ai.txt,301,TRUE,FALSE,FALSE,FALSE
pdfomni.pages.dev/llms.txt,https://pdfomni.com/llms.txt,301,TRUE,FALSE,FALSE,FALSE
pdfomni.pages.dev/openapi.json,https://pdfomni.com/openapi.json,301,TRUE,FALSE,FALSE,FALSE
pdfomni.pages.dev/google91365cda16a526d1.html,https://pdfomni.com/google91365cda16a526d1.html,301,TRUE,FALSE,FALSE,FALSE
pdfomni.pages.dev/tool/edit,https://pdfomni.com/edit-pdf,301,TRUE,FALSE,FALSE,FALSE
pdfomni.pages.dev/tool/draw,https://pdfomni.com/edit-pdf,301,TRUE,FALSE,FALSE,FALSE
pdfomni.pages.dev/tool/image-edit,https://pdfomni.com/edit-pdf,301,TRUE,FALSE,FALSE,FALSE
pdfomni.pages.dev/tool/merge,https://pdfomni.com/merge,301,TRUE,FALSE,FALSE,FALSE
pdfomni.pages.dev/tool/split,https://pdfomni.com/split,301,TRUE,FALSE,FALSE,FALSE
pdfomni.pages.dev/tool/reorder,https://pdfomni.com/reorder,301,TRUE,FALSE,FALSE,FALSE
pdfomni.pages.dev/tool/compress,https://pdfomni.com/compress,301,TRUE,FALSE,FALSE,FALSE
pdfomni.pages.dev/tool/rotate,https://pdfomni.com/rotate,301,TRUE,FALSE,FALSE,FALSE
pdfomni.pages.dev/tool/page-numbers,https://pdfomni.com/page-numbers,301,TRUE,FALSE,FALSE,FALSE
pdfomni.pages.dev/tool/word-to-pdf,https://pdfomni.com/word-to-pdf,301,TRUE,FALSE,FALSE,FALSE
pdfomni.pages.dev/tool/excel-to-pdf,https://pdfomni.com/excel-to-pdf,301,TRUE,FALSE,FALSE,FALSE
pdfomni.pages.dev/tool/image-to-pdf,https://pdfomni.com/image-to-pdf,301,TRUE,FALSE,FALSE,FALSE
pdfomni.pages.dev/tool/html-to-pdf,https://pdfomni.com/html-to-pdf,301,TRUE,FALSE,FALSE,FALSE
pdfomni.pages.dev/tool/pdf-to-image,https://pdfomni.com/pdf-to-image,301,TRUE,FALSE,FALSE,FALSE
pdfomni.pages.dev/tool/pdf-to-text,https://pdfomni.com/pdf-to-text,301,TRUE,FALSE,FALSE,FALSE
pdfomni.pages.dev/tool/watermark,https://pdfomni.com/watermark,301,TRUE,FALSE,FALSE,FALSE
pdfomni.pages.dev/tool/redact,https://pdfomni.com/redact,301,TRUE,FALSE,FALSE,FALSE
pdfomni.pages.dev/tool/crop,https://pdfomni.com/crop,301,TRUE,FALSE,FALSE,FALSE
pdfomni.pages.dev/tool/encrypt,https://pdfomni.com/protect,301,TRUE,FALSE,FALSE,FALSE
pdfomni.pages.dev/tool/decrypt,https://pdfomni.com/unlock,301,TRUE,FALSE,FALSE,FALSE
pdfomni.pages.dev/tool/sign,https://pdfomni.com/sign,301,TRUE,FALSE,FALSE,FALSE
pdfomni.pages.dev/tool/batch,https://pdfomni.com/batch,301,TRUE,FALSE,FALSE,FALSE
pdfomni.pages.dev/tool/wcag,https://pdfomni.com/wcag-check,301,TRUE,FALSE,FALSE,FALSE
